UnitID,Institution Name,Tuition and fees (F9899_F3),Imputation/Status Flag For Tuition and fees (F9899_F3),Federal appropriations  grants and contracts (F9899_F3),Imputation/Status Flag For Federal appropriations  grants and contracts (F9899_F3),State and local appropriations  grants and contracts (F9899_F3),Imputation/Status Flag For State and local appropriations  grants and contracts (F9899_F3),Private grants and contracts (F9899_F3),Imputation/Status Flag For Private grants and contracts (F9899_F3),Investment income and investment gains (losses) included in net income (F9899_F3),Imputation/Status Flag For Investment income and investment gains (losses) included in net income (F9899_F3),Sales and services of educational activities (F9899_F3),Imputation/Status Flag For Sales and services of educational activities (F9899_F3),Sales and services of auxiliary enterprises (F9899_F3),Imputation/Status Flag For Sales and services of auxiliary enterprises (F9899_F3),Other revenue (F9899_F3),Imputation/Status Flag For Other revenue (F9899_F3),Total revenues and investment return (F9899_F3),Imputation/Status Flag For Total revenues and investment return (F9899_F3)
172866,Academy College,2712238,R,265428,R,378526,R,0,R,0,R,0,R,0,R,105177,R,3461369,R
108232,Academy of Art University,47412310,R,2193057,R,1098316,R,0,R,136928,R,0,R,3340530,R,0,R,54181141,R
367264,Academy of Healing Arts,3746124,R,0,R,0,R,0,R,78723,R,0,R,0,R,-24486,R,3800361,R
134811,AI Miami International University of Art and Design,9474766,R,0,R,0,R,0,R,0,R,959453,R,53338,R,205699,R,10693256,R
126401,Altierus Career College-Colorado Springs,1837220,R,690681,R,128857,R,10650,R,0,R,0,R,0,R,0,R,2667408,R
137801,Altierus Career College-Tampa,6404648,R,1468641,R,20653,R,0,R,0,R,0,R,0,R,0,R,7893942,R
127787,Altierus Career College-Thornton,2427507,R,752083,R,137071,R,25691,R,0,R,0,R,0,R,0,R,3342352,R
210766,ALTOONA SCHOOL OF COMMERCE,1257771,N,0,N,0,N,0,N,0,N,155469,N,0,N,239200,N,1652440,N
142887,American Academy of Art College,4980202,R,0,R,0,R,0,R,40242,R,0,R,0,R,7859,R,5028303,R
429085,American College of Acupuncture and Oriental Med,553535,R,0,R,0,R,0,R,0,R,122913,R,33216,R,0,R,709664,R
222682,American Commercial College-Lubbock,3721365,R,0,R,0,R,0,R,5922,R,46277,R,60876,R,0,R,3834440,R
109013,American InterContinental University,10577751,P,0,P,0,P,0,P,0,P,0,P,458436,P,81390,P,11117577,P
138725,American InterContinental University,10202464,R,0,R,0,R,0,R,0,R,0,R,702131,R,80271,R,10984866,A
232797,American National University,7255562,R,106035,R,0,R,0,R,-19568,R,786505,R,0,R,59076,R,8187610,R
157021,American National University-Pikeville,5160238,R,66554,R,0,R,0,R,143274,R,541606,R,0,R,28613,R,5940285,R
176549,Anthem College-Maryland Heights,1812281,R,721225,R,291793,R,0,R,3829,R,0,R,3957,R,0,R,2833085,R
104805,Anthem College-Phoenix,23173074,R,0,R,0,R,0,R,28752,R,0,R,0,R,190734,R,23392560,R
413635,Anthem College-Sacramento,6110608,R,0,R,0,R,0,R,0,R,0,R,0,R,42254,R,6152862,R
201016,Antonelli College-Cincinnati,5034314,R,0,R,0,R,0,R,0,R,0,R,0,R,3983,R,5038297,R
210890,Antonelli Institute,1169008,R,0,R,0,R,0,R,-5618,R,0,R,19599,R,0,R,1182989,R
429094,AOMA Graduate School of Integrative Medicine,655465,R,0,R,0,R,0,R,2146,R,0,R,282863,R,0,R,940474,R
367936,Argosy University-Atlanta,3253664,R,0,R,0,R,0,R,0,R,0,R,0,R,0,R,3253664,R
145770,Argosy University-Chicago,8434141,R,0,R,0,R,0,R,0,R,0,R,0,R,0,R,8434141,R
366748,Argosy University-Hawaii,1759418,R,0,R,0,R,0,R,0,R,0,R,0,R,0,R,1759418,R
419457,Argosy University-Northern Virginia,2196135,R,0,R,0,R,0,R,0,R,0,R,0,R,0,R,2196135,R
137148,Argosy University-Sarasota,4910328,R,0,R,0,R,0,R,407,R,0,R,0,R,227020,R,5137755,R
428268,Argosy University-Tampa,899785,R,0,R,0,R,0,R,0,R,0,R,0,R,0,R,899785,R
410502,Argosy University-The Art Institute of California-Hollywood,3167845,R,0,R,0,R,0,R,0,R,0,R,0,R,13487,R,3181332,R
432533,Argosy University-The Art Institute of California-Los Angeles,4977070,R,604957,R,0,R,0,R,0,R,0,R,551536,R,0,R,6133563,R
117113,Argosy University-The Art Institute of California-San Diego,705581,R,1779329,R,232227,R,0,R,2376,R,0,R,0,R,0,R,2719513,R
117928,Argosy University-The Art Institute of California-San Francisco,1067069,R,0,R,0,R,0,R,0,R,0,R,0,R,56191,R,1123260,R
173984,Argosy University-Twin Cities,4654886,R,0,R,0,R,0,R,85286,R,0,R,0,R,133605,R,4873777,R
408118,ARGOSY UNIVERSITY-TWIN CITIES CAMPUS,2864576,R,0,R,0,R,0,R,0,R,0,R,0,R,0,R,2864576,R
137892,ATI Career Training Center-Fort Lauderdale,1315075,N,0,N,0,N,0,N,56189,N,89941,N,0,N,4992,N,1466197,N
136747,ATI Career Training Center-Oakland Park,1525101,N,218561,N,0,N,0,N,0,N,0,N,0,N,0,N,1743662,N
134875,ATI College of Health,2722881,R,0,R,0,R,0,R,0,R,0,R,0,R,4371,R,2727252,R
225867,Austin Business College,953981,P,0,P,0,P,0,P,0,P,0,P,0,P,638,P,954619,P
158343,Baton Rouge School of Computers,1046154,R,0,R,0,R,0,R,0,R,0,R,0,R,0,R,1046154,R
139074,Bauder College,3823363,R,3820223,R,25509,R,167967,R,0,R,0,R,894036,R,10589,R,8741687,R
160995,Beal University,1258833,R,0,R,0,R,0,R,4290,R,0,R,37512,R,11159,A,1311794,A
247065,Beckfield College-Florence,1967925,R,0,R,0,R,0,R,0,R,0,R,0,R,3676,R,1971601,R
126359,Bel-Rea Institute of Animal Technology,4073125,R,0,R,0,R,0,R,5000,R,0,R,0,R,0,R,4078125,R
189246,BERKELEY COLLEGE,5576789,R,0,R,0,R,0,R,13163,R,0,R,1341477,R,41604,R,6973033,R
189228,Berkeley College-New York,15711967,R,0,R,0,R,0,R,37250,R,0,R,958716,R,120334,R,16828267,R
183789,Berkeley College-Woodland Park,19974219,R,0,R,0,R,0,R,49449,R,0,R,1645636,R,145402,R,21814706,R
363527,Border Institute of Technology,1137797,R,641332,R,0,R,0,R,0,R,0,R,0,R,0,R,1779129,R
202161,Bradford School,1416009,R,0,R,0,R,0,R,0,R,0,R,332667,R,18902,R,1767578,R
211200,Bradford School,4264217,R,0,R,0,R,0,R,0,R,0,R,1286322,R,20402,R,5570941,R
189459,Briarcliffe College,9089847,R,1167473,R,1625777,R,0,R,0,R,0,R,796533,R,524549,R,13204179,R
215646,Brightwood Career Institute-Broomall,4412178,R,2982516,R,186925,R,53737,R,0,R,50,R,0,R,8582,R,7643988,R
251075,Brightwood Career Institute-Harrisburg,8087981,R,0,R,0,R,0,R,62275,R,0,R,0,R,123265,R,8273521,R
211617,Brightwood Career Institute-Philadelphia Mills,5166766,R,2687928,R,585949,R,69915,R,0,R,2263,R,0,R,6281,R,8519102,R
213002,Brightwood Career Institute-Pittsburgh,5811061,R,3958421,R,1162573,R,95654,R,0,R,4374,R,282879,R,90129,R,11405091,R
382896,Brightwood College-Dallas,699953,R,0,R,0,R,0,R,0,R,0,R,0,R,6584,R,706537,R
204626,Brightwood College-Dayton,2815219,R,1765133,R,285817,R,35146,R,0,R,1958,R,0,R,141857,R,5045130,R
152415,Brightwood College-Hammond,980704,R,0,R,0,R,0,R,0,R,44918,R,0,R,936,R,1026558,R
374875,Brightwood College-Las Vegas,2953242,R,0,R,0,R,0,R,0,R,815507,R,0,R,0,R,3768749,R
118967,Brightwood College-Los Angeles-Van Nuys,3170683,R,2946312,R,30640,R,20957,R,0,R,84159,R,0,R,1749,R,6254500,R
366960,Brightwood College-Modesto,2688599,R,2006611,R,372426,R,50051,R,0,R,0,R,0,R,37,R,5117724,R
246202,Brightwood College-Nashville,588709,R,0,R,0,R,0,R,1942,R,0,R,0,R,0,R,590651,R
118259,Brightwood College-Sacramento,961402,R,708979,R,36595,R,38290,R,0,R,0,R,0,R,1044,R,1746310,R
118277,Brightwood College-San Diego,9990021,R,7692646,R,358800,R,228387,R,0,R,0,R,1776,R,0,R,18271630,R
118286,Brightwood College-Vista,4531193,R,3959779,R,151180,R,41752,R,0,R,366,R,0,R,1783,R,8686053,R
230056,Broadview College,2978611,R,0,R,0,R,0,R,0,R,0,R,24220,R,197294,R,3200125,R
110176,Brooks College,12573208,R,0,R,0,R,0,R,0,R,0,R,2985596,R,0,R,15558804,R
110185,Brooks Institute,3816709,R,0,R,0,R,0,R,0,R,10010,R,31412,R,13202,R,3871333,R
205647,Brown Mackie College-Akron,802047,R,690960,R,339804,R,0,R,0,R,208601,R,0,R,8300,R,2049712,R
410283,Brown Mackie College-Atlanta,877569,R,341587,R,0,R,0,R,0,R,155481,R,0,R,0,R,1374637,R
205610,Brown Mackie College-Cincinnati,1829951,R,960032,R,481550,R,0,R,0,R,309644,R,0,R,0,R,3581177,R
375489,Brown Mackie College-Findlay,768810,R,127663,R,17957,R,0,R,0,R,0,R,118509,R,15111,R,1048050,R
408039,Brown Mackie College-Fort Wayne,485599,R,0,R,0,R,0,R,0,R,0,R,0,R,69493,R,555092,R
154767,Brown Mackie College-Kansas City,1404333,R,568915,R,10573,R,0,R,0,R,0,R,340695,R,9054,R,2333570,R
157599,Brown Mackie College-Louisville,2339955,R,595450,R,45240,R,0,R,0,R,97761,R,0,R,0,R,3078406,R
151616,Brown Mackie College-Merrillville,804811,R,346436,R,17302,R,0,R,0,R,175469,R,0,R,12178,R,1356196,R
151625,Brown Mackie College-Michigan City,762562,R,493518,R,2306,R,0,R,0,R,0,R,147549,R,0,R,1405935,R
204316,Brown Mackie College-North Canton,1250288,R,538462,R,112237,R,0,R,2885,R,0,R,0,R,0,R,1903872,R
157696,Brown Mackie College-Northern Kentucky,1197675,R,410177,R,18475,R,0,R,0,R,0,R,132119,R,0,R,1758446,R
154776,Brown Mackie College-Salina,1437014,R,575005,R,33496,R,0,R,0,R,0,R,323498,R,18684,R,2387697,R
151944,Brown Mackie College-South Bend,2178257,A,0,A,0,A,0,R,0,R,0,R,0,A,368057,A,2546314,A
104364,Brown Mackie College-Tucson,3200242,R,0,R,0,R,0,R,23117,R,0,R,1240016,R,121040,R,4584415,R
202684,Bryant & Stratton College-Cleveland,1473381,R,77741,R,316340,R,0,R,0,R,0,R,0,R,199443,R,2066905,R
189592,Bryant & Stratton College-Greece,28628197,R,0,R,0,R,0,R,0,R,0,R,3701210,R,0,R,32329407,R
239929,Bryant & Stratton College-Milwaukee,1899047,R,0,R,0,R,0,R,0,R,0,R,144805,R,0,R,2043852,R
201469,Bryant & Stratton College-Parma,2588499,R,0,R,0,R,0,R,0,R,0,R,0,R,608,R,2589107,R
231828,Bryant & Stratton College-Richmond,4494430,N,0,N,0,N,0,N,38561,N,0,N,1405937,N,26400,N,5965328,N
369905,Bryant & Stratton College-Solon,1672729,R,0,R,0,R,0,R,0,R,0,R,0,R,186500,R,1859229,R
231785,Bryant & Stratton College-Virginia Beach,543315,R,3421028,R,0,R,0,R,0,R,266936,R,0,R,33812,R,4265091,R
231819,BRYANT AND STRATTON COLLEGE-HAMPTON,1250288,N,538462,N,112237,N,0,N,2885,N,0,N,0,N,0,N,1903872,N
211316,Bucks County School of Beauty Culture Inc,270391,R,0,R,0,R,0,R,18925,R,35685,R,0,R,0,R,325001,R
407160,BURDETT COLLEGE,3766485,R,0,R,0,R,0,R,0,R,110560,R,0,R,356163,R,4233208,R
110945,California College San Diego,575053,R,0,R,0,R,0,R,0,R,0,R,0,R,0,R,575053,R
428329,Cambria-Rowe Business College-Indiana,280578,N,0,N,0,N,0,N,394,N,0,N,0,N,0,N,280972,N
211398,Cambria-Rowe Business College-Johnstown,573676,N,0,N,0,N,0,N,9124,N,0,N,0,N,73038,N,655838,N
417549,Camelot College,1425847,R,419862,R,0,R,0,R,6647,R,3343,R,0,R,30292,R,1885991,R
158440,Cameron College,1094969,R,0,R,0,R,0,R,0,R,0,R,0,R,0,R,1094969,R
413413,Capella University,3845871,R,0,R,0,R,0,R,0,R,0,R,0,R,0,R,3845871,R
181941,Career College of Northern Nevada,1535743,R,440342,R,0,R,0,R,12707,R,0,R,13301,R,0,R,2002093,R
143880,Career Colleges of Chicago,589794,R,0,R,0,R,0,R,0,R,0,R,36311,R,0,R,626105,R
210951,Career Training Academy-Lower Burrell,425206,R,0,R,0,R,0,R,0,R,0,R,0,R,91124,R,516330,R
142054,Carrington College-Boise,1121666,R,321853,R,0,R,0,R,0,R,0,R,0,R,46588,R,1490107,R
103909,Carrington College-Mesa,1976106,R,0,R,0,R,0,R,0,R,0,R,0,R,15311,R,1991417,R
250601,Carrington College-Phoenix East,1279673,R,0,R,0,R,0,R,0,R,0,R,0,R,13042,R,1292715,R
103893,Carrington College-Phoenix North,2443887,R,0,R,0,R,0,R,0,R,0,R,0,R,22007,R,2465894,R
125532,Carrington College-Sacramento,11511839,R,0,R,0,R,0,R,0,R,0,R,0,R,0,R,11511839,R
103927,Carrington College-Tucson,1411883,R,0,R,0,R,0,R,2276,R,0,R,0,R,18613,R,1432772,R
379782,Center for Advanced Legal Studies,1310904,R,0,R,0,R,0,R,2257,R,0,R,0,R,0,R,1313161,R
211477,Central Penn College,4494430,R,0,R,0,R,0,R,38561,R,0,R,1405937,R,26400,R,5965328,R
102845,Charter College,4609385,R,0,R,0,R,0,R,56849,R,0,R,55013,R,47668,R,4768915,R
220118,Chattanooga College Medical Dental and Technical Careers,660762,R,321610,R,21048,R,0,R,0,R,0,R,0,R,85306,R,1088726,R
211626,CHURCHMAN BUSINESS SCHOOL,5125528,N,0,N,0,N,0,N,669969,N,0,N,0,N,156363,N,5951860,N
201070,College of Art Advertising,280578,R,0,R,0,R,0,R,394,R,0,R,0,R,0,R,280972,R
150251,College of Court Reporting Inc,454006,R,0,R,0,R,0,R,0,R,0,R,0,R,0,R,454006,R
126872,CollegeAmerica-Denver,1992264,R,0,R,0,R,0,R,0,R,0,R,0,R,0,R,1992264,R
103723,Collins College,11112575,R,0,R,0,R,0,R,0,R,0,R,980579,R,0,R,12093154,R
126784,Colorado School of Trades,684188,R,131875,R,0,R,0,R,0,R,279697,R,0,R,0,R,1095760,R
126827,Colorado Technical University-Colorado Springs,9787272,R,430052,R,238263,R,0,R,0,R,0,R,1032040,R,0,R,11487627,R
430087,Colorado Technical University-Greenwood Village,1742646,R,52080,R,27865,R,0,R,0,R,0,R,231239,R,0,R,2053830,R
402615,Colorado Technical University-Sioux Falls,2121765,R,418268,R,0,R,0,R,0,R,0,R,329902,R,0,R,2869935,R
241304,Columbia Central University-Caguas,3509860,R,0,R,0,R,0,R,0,R,0,R,0,R,0,R,3509860,R
404806,Columbia Central University-Yauco,1233302,R,0,R,0,R,0,R,0,R,0,R,0,R,0,R,1233302,R
112701,COMPUTER LEARNING CENTERS INC,22908795,R,3187772,R,0,R,0,R,235087,R,0,R,0,R,221057,R,26552711,R
112710,COMPUTER LEARNING CENTERS INC,13191712,R,1272845,R,0,R,0,R,242587,R,0,R,0,R,111560,R,14818704,R
231855,COMPUTER LEARNING CENTERS INC,30659370,R,3288829,R,0,R,0,R,97660,R,0,R,0,R,356949,R,34402808,R
407878,COMPUTER LEARNING CENTERS INC,15211733,R,1922519,R,0,R,0,R,76688,R,0,R,0,R,279131,R,17490071,R
112729,COMPUTER LEARNING CENTERS INC OF ANAHEIM,13290031,R,2095806,R,0,R,0,R,233951,R,0,R,0,R,173125,R,15792913,R
211769,COMPUTER LEARNING CENTERS INC-PHILADELPHIA,4951777,R,1396655,R,0,R,0,R,3585,R,0,R,0,R,73642,R,6425659,R
155283,Concorde Career College-Kansas City,1645000,R,487000,R,113000,R,0,R,0,R,0,R,0,R,17000,R,2262000,R
260354,Consolidated School of Business-Lancaster,1275048,R,0,R,0,R,0,R,0,R,0,R,0,R,15571,R,1290619,R
211820,Consolidated School of Business-York,1209383,R,0,R,0,R,0,R,0,R,0,R,0,R,31022,R,1240405,R
387925,Cortiva Institute,2152800,R,0,R,0,R,0,R,0,R,0,R,0,R,0,R,2152800,R
420103,Cortiva Institute-Miami,2141552,A,1719466,A,31407,A,0,R,35653,A,4436,A,204723,A,7704,A,4144941,A
224183,Court Reporting Institute of Dallas,2470564,R,630882,R,0,R,0,R,4634,R,0,R,251539,R,14908,R,3372527,R
417558,CULINARY ARTS INSTITUTE OF LOUISIANA,651032,R,0,R,0,R,0,R,0,R,0,R,0,R,0,R,651032,R
202435,Davis College,1896165,R,629931,R,230698,R,0,R,0,R,0,R,0,R,302834,R,3059628,R
205568,Daymar College-Chillicothe,239818,R,212824,R,251003,R,0,R,609,R,69958,R,0,R,3868,R,778080,R
205522,Daymar College-New Boston,154181,R,253366,R,237546,R,0,R,0,R,69377,R,0,R,5144,R,719614,R
157465,Daymar College-Owensboro,1098051,R,0,R,0,R,0,R,13235,R,0,R,0,R,132722,R,1244008,R
156903,Daymar College-Paducah Main,1039638,R,0,R,0,R,0,R,14675,R,0,R,0,R,3694,R,1058007,R
211909,Dean Institute of Technology,651530,R,131845,R,136280,R,0,R,9281,R,0,R,0,R,0,R,928936,R
366270,Delta College of Arts & Technology,1026109,R,0,R,0,R,0,R,0,R,0,R,0,R,5043,R,1031152,R
158723,Delta School of Business and Technology,1681123,R,0,R,0,R,0,R,0,R,0,R,0,R,86340,R,1767463,R
381167,DENVER CAREER COLLEGE-COLORADO SPRINGS,1310904,N,0,N,0,N,0,N,2257,N,0,N,0,N,0,N,1313161,N
363378,DENVER TECHNICAL AT COLORADO SPRINGS,3570771,P,0,P,0,P,0,P,61044,P,491,P,49346,P,11989,P,3693641,P
127042,DENVER TECHNICAL COLLEGE,8767765,R,0,R,0,R,0,R,0,R,0,R,0,R,494158,R,9261923,R
113582,Design Institute of San Diego,1978399,R,0,R,0,R,0,R,10234,R,0,R,0,R,0,R,1988633,R
432199,DeVry College of New York,4122546,R,0,R,0,R,0,R,41366,R,0,R,342562,R,0,R,4506474,R
432162,DEVRY INSTITUTE OF TECHNOLOGY,7040343,R,0,R,0,R,0,R,68574,R,0,R,689786,R,0,R,7798703,R
144768,DEVRY UNIVERSITY,28670632,R,2458775,R,2776716,R,0,R,321198,R,0,R,3726919,R,0,R,37954240,R
420282,DEVRY UNIVERSITY,22464103,R,0,R,0,R,0,R,218267,R,0,R,1775503,R,0,R,24457873,R
432171,DEVRY UNIVERSITY,7708463,R,0,R,0,R,0,R,76324,R,0,R,1146277,R,0,R,8931064,R
430333,DEVRY UNIVERSITY KELLER GRADUATE SCHOOL OF MANAGEMENT,1316533,R,0,R,0,R,0,R,14143,R,0,R,94667,R,0,R,1425343,R
434885,DEVRY UNIVERSITY KELLER GRADUATE SCHOOL OF MANAGEMENT,164638,R,0,R,0,R,0,R,1845,R,0,R,20475,R,0,R,186958,R
366702,DeVry University's Keller Graduate School of Management-Arizona,1650453,R,0,R,0,R,0,R,17525,R,0,R,112660,R,0,R,1780638,R
420972,DeVry University's Keller Graduate School of Management-California,3027795,R,0,R,0,R,0,R,32284,R,0,R,191811,R,0,R,3251890,R
419536,DeVry University's Keller Graduate School of Management-Georgia,4502637,R,0,R,0,R,0,R,47349,R,0,R,298847,R,0,R,4848833,R
146384,DeVry University's Keller Graduate School of Management-Illinois,13544833,R,0,R,0,R,0,R,142663,R,0,R,772985,R,0,R,14460481,R
366757,DeVry University's Keller Graduate School of Management-Missouri,2419077,R,0,R,0,R,0,R,25519,R,0,R,197313,R,0,R,2641909,R
104531,DeVry University-Arizona,30356023,R,4785823,R,159295,R,0,R,332063,R,0,R,2822741,R,0,R,38455945,R
113607,DeVry University-California,22027646,R,8009484,R,3111990,R,0,R,320860,R,0,R,2987416,R,0,R,36457396,R
139533,DeVry University-Georgia,20167331,R,3399203,R,4826059,R,0,R,268902,R,0,R,2662154,R,0,R,31323649,R
144759,DeVry University-Illinois,23953893,R,4758322,R,4384379,R,0,R,308569,R,0,R,2145922,R,0,R,35551085,R
432214,DeVry University-Indiana,443342,R,0,R,0,R,0,R,4919,R,0,R,34109,R,0,R,482370,R
177162,DeVry University-Missouri,21391546,R,2513765,R,0,R,0,R,224956,R,0,R,2787090,R,0,R,26917357,R
184269,DeVry University-New Jersey,23775618,R,3105522,R,2426982,R,0,R,283951,R,0,R,2641223,R,0,R,32233296,R
202541,DeVry University-Ohio,23114733,R,4079174,R,1222233,R,0,R,268011,R,0,R,3268515,R,0,R,31952666,R
224402,DeVry University-Texas,22771000,R,2952470,R,7500,R,0,R,247961,R,0,R,2788337,R,0,R,28767268,A
238935,DeVry University-Wisconsin,1968459,R,0,R,0,R,0,R,21215,R,0,R,147779,R,0,R,2137453,R
231563,DOMINION COLLEGE,1270076,R,989538,R,76461,R,48501,R,0,R,130,R,810,R,0,R,2385516,R
246497,DOMINION COLLEGE,692854,R,505407,R,15286,R,44832,R,0,R,12176,R,1002,R,0,R,1271557,R
212072,Du Bois Business College-Du Bois,2535149,R,0,R,0,R,0,R,0,R,0,R,0,R,0,R,2535149,R
173489,Duluth Business University,1702433,R,582193,R,122282,R,0,R,26285,R,0,R,0,R,44521,R,2477714,R
204884,East Ohio College,573676,R,0,R,0,R,0,R,9124,R,0,R,0,R,73038,R,655838,R
248934,ECPI University,13490799,R,2220216,R,354934,R,0,R,181837,R,0,R,45591,R,466469,R,16759846,R
243832,EDP University of Puerto Rico Inc-San Juan,1843429,N,0,N,0,N,0,N,0,N,40448,N,0,N,32060,N,1915937,N
241836,EDP University of Puerto Rico Inc-San Sebastian,5748790,N,0,N,0,N,0,N,39431,N,0,N,214873,N,1314750,N,7317844,N
369534,EDUCATION AMERICA INC,0,R,0,R,0,R,0,R,0,R,0,R,0,R,0,R,,R
214245,EDUCATION AMERICA-VALE TECHNICAL INSTITUTE,2939897,R,0,R,0,R,0,R,0,R,0,R,0,R,172551,R,3112448,R
190974,Elmira Business Institute,1315075,R,0,R,0,R,0,R,56189,R,89941,R,0,R,4992,R,1466197,R
114114,Emperor's College of Traditional Oriental Medicine,3027795,N,0,N,0,N,0,N,32284,N,0,N,191811,N,0,N,3251890,N
114123,Empire College,4285755,P,0,P,0,P,0,P,0,P,254443,P,0,P,69858,P,4610056,P
212425,Erie Business Center-Erie,2776298,R,0,R,0,R,0,R,0,R,0,R,410995,R,18781,R,3206074,R
212434,Erie Institute of Technology Inc,346601,R,51642,R,89825,R,0,R,0,R,0,R,30599,R,5562,R,524229,R
224749,ESS COLLEGE OF BUSINESS,4189689,R,0,R,0,R,0,R,0,R,0,R,85150,R,0,R,4274839,R
200590,ETI Technical College,1128551,N,0,N,0,N,0,N,0,N,0,N,0,N,0,N,1128551,N
366544,Everest College-Aurora,2982540,R,262501,R,44822,R,0,R,0,R,0,R,0,R,0,R,3289863,R
372037,Everest College-City of Industry,5034314,N,0,N,0,N,0,N,0,N,0,N,0,N,3983,N,5038297,N
371265,Everest College-Ontario,1128551,N,0,N,0,N,0,N,0,N,0,N,0,N,0,N,1128551,N
103644,Everest College-Phoenix,2829224,R,0,R,0,R,0,R,0,R,0,R,0,R,0,R,2829224,R
210359,Everest College-Portland,3980107,R,1093108,R,0,R,16218,R,0,R,0,R,0,R,0,R,5089433,R
230472,Everest College-Salt Lake City,2746149,R,680525,R,0,R,58962,R,0,R,0,R,0,R,0,R,3485636,R
179070,Everest College-Springfield,2603695,R,962070,R,0,R,20175,R,0,R,0,R,0,R,0,R,3585940,R
368805,Everest College-West Los Angeles,1404333,N,568915,N,10573,N,0,N,0,N,0,N,340695,N,9054,N,2333570,N
237604,Everest Institute-Cross Lanes,2227793,R,707417,R,0,R,36268,R,0,R,0,R,0,R,0,R,2971478,R
135957,Everest Institute-North Miami,10668039,R,0,R,0,R,0,R,0,R,0,R,0,R,151552,R,10819591,R
212090,Everest Institute-Pittsburgh,2829632,R,1258084,R,490904,R,0,R,0,R,0,R,0,R,0,R,4578620,R
194967,Everest Institute-Rochester,2292347,R,1030465,R,1190156,R,6556,R,0,R,0,R,0,R,0,R,4519524,R
260293,Everest University-Brandon,3725554,R,953444,R,61459,R,5056,R,0,R,0,R,0,R,0,R,4745513,R
367909,Everest University-Lakeland,3426844,R,1102451,R,40308,R,20697,R,0,R,0,R,0,R,0,R,4590300,R
137810,Everest University-Largo,5586193,R,929150,R,-70654,R,8702,R,0,R,0,R,0,R,0,R,6453391,R
420006,Everest University-Melbourne,3291378,R,886779,R,75594,R,3148,R,0,R,0,R,0,R,0,R,4256899,R
136288,Everest University-North Orlando,4692587,R,755217,R,53093,R,2250,R,0,R,0,R,0,R,0,R,5503147,R
134149,Everest University-Pompano Beach,4248043,R,737684,R,46613,R,0,R,0,R,0,R,0,R,0,R,5032340,R
390701,Everest University-South Orlando,6042309,R,1402217,R,62845,R,91006,R,0,R,0,R,0,R,0,R,7598377,R
385619,Everglades University,64167,R,0,R,0,R,0,R,0,R,0,R,0,R,0,R,64167,R
114372,Fashion Careers College,1089380,R,0,R,0,R,0,R,-354,R,0,R,0,R,0,R,1089026,R
114354,FIDM-Fashion Institute of Design & Merchandising-Los Angeles,40058953,R,0,R,0,R,0,R,565772,R,0,R,13329,R,15497,R,40653551,R
191205,Five Towns College,3993394,R,731643,R,999141,R,0,R,17934,R,0,R,77622,R,20926,R,5840660,R
414179,Florida National College Training Center,1453041,R,0,R,0,R,0,R,0,R,0,R,0,R,0,R,1453041,R
414188,FLORIDA NATIONAL COLLEGE-SOUTH CAMPUS,2138100,R,0,R,0,R,0,R,0,R,0,R,0,R,0,R,2138100,R
408844,Florida National University-Main Campus,2598481,R,0,R,0,R,0,R,0,R,0,R,0,R,0,R,2598481,R
134112,Florida Technical College,1417424,R,4186410,R,0,R,0,R,0,R,0,R,0,R,14873,R,5618707,R
218043,Forrest College,5979162,P,0,P,0,P,0,P,0,P,0,P,0,P,0,P,5979162,P
205179,Fortis College-Centerville,3308962,R,0,R,0,R,0,R,3685,R,0,R,0,R,9157,R,3321804,R
201399,Fortis College-Ravenna,1087881,R,0,R,0,R,0,R,0,R,0,R,0,R,17357,R,1105238,R
136075,Fortis College-Tampa,718217,R,0,R,0,R,0,R,4714,R,0,R,0,R,0,R,722931,R
418870,Fortis Institute-Cookeville,337481,R,134617,R,54199,R,1000,R,0,R,0,R,0,R,40706,R,568003,R
216418,Fortis Institute-Erie,3034223,R,0,R,0,R,0,R,39304,R,0,R,0,R,0,R,3073527,R
249609,Fortis Institute-Forty Fort,509500,R,260360,R,62681,R,0,R,0,R,0,R,0,R,46784,R,879325,R
221795,Fountainhead College of Technology,348058,R,0,R,0,R,0,R,0,R,0,R,0,R,26146,R,374204,R
372073,Fremont College,2380025,R,0,R,0,R,0,R,0,R,0,R,0,R,3320,R,2383345,R
156736,FUGAZZI COLLEGE OF BUSINESS AND TECHNOLOGY-LEXINGT,1340324,R,23755,R,0,R,0,R,5010,R,149540,R,0,R,18647,R,1537276,R
134237,Full Sail University,26495431,R,0,R,0,R,0,R,0,R,0,R,0,R,673808,R,27169239,R
205513,Gallipolis Career College,154560,R,222319,R,153887,R,0,R,1957,R,70711,R,0,R,9082,R,612516,R
145309,Gem City College,1064553,N,0,N,0,N,0,N,0,N,0,N,0,N,0,N,1064553,N
432065,GEM STATE COLLEGE,122377,R,0,R,0,R,0,R,883,R,0,R,0,R,329,R,123589,R
185244,Gibbs College,4731000,R,1551000,R,2062000,R,0,R,0,R,0,R,0,R,256000,R,8600000,R
188465,Globe Institute of Technology,5906419,R,0,R,0,R,0,R,0,R,954566,R,0,R,3882,R,6864867,R
173629,Globe University-Woodbury,1208117,R,0,R,105985,R,0,R,0,R,0,R,0,R,3407720,R,4721822,R
434690,Golf Academy of America-Myrtle Beach,240517,R,0,R,0,R,0,R,0,R,0,R,12801,R,39,R,253357,R
430157,Golf Academy of America-Orlando,2335189,R,0,R,0,R,0,R,29024,R,0,R,90471,R,9304,R,2463988,R
430166,Golf Academy of America-Phoenix,1714967,R,0,R,0,R,0,R,19591,R,0,R,62784,R,5816,R,1803158,R
122366,Golf Academy of America-San Diego,2133098,R,0,R,0,R,0,R,23944,R,0,R,87488,R,8438,R,2252968,R
212717,GORDON PHILLIPS SCHOOL-CORPORATE OFFICE,4974776,R,0,R,0,R,0,R,30121,R,591685,R,0,R,24865,R,5621447,R
225201,Hallmark University,3577774,P,0,P,0,P,0,P,0,P,0,P,0,P,1082040,P,4659814,P
145460,Harrington College of Design,3756000,R,0,R,0,R,0,R,0,R,206000,R,0,R,0,R,3962000,R
151157,Harrison College-Anderson,1246765,R,364691,R,0,R,0,R,0,R,121542,R,0,R,48426,R,1781424,R
151193,Harrison College-Columbus,776401,R,205236,R,0,R,0,R,0,R,107142,R,0,R,29295,R,1118074,R
423670,Harrison College-Evansville,1423090,R,406289,R,0,R,0,R,0,R,178037,R,0,R,64326,R,2071742,R
151166,Harrison College-Indianapolis,3678622,R,997401,R,0,R,0,R,0,R,401098,R,0,R,195022,R,5272143,R
414850,Harrison College-Indianapolis East,1125477,R,329664,R,0,R,0,R,0,R,165142,R,0,R,74353,R,1694636,R
151245,Harrison College-Lafayette,910530,R,204668,R,0,R,0,R,0,R,103108,R,0,R,31749,R,1250055,R
151184,Harrison College-Marion,881521,R,270018,R,0,R,0,R,0,R,108481,R,0,R,48321,R,1308341,R
151209,Harrison College-Muncie,967935,R,343452,R,0,R,0,R,0,R,111619,R,0,R,41379,R,1464385,R
151236,Harrison College-Terre Haute,1560759,R,501356,R,0,R,0,R,0,R,196087,R,0,R,80985,R,2339187,R
141583,Hawaii Business College,1128551,N,0,N,0,N,0,N,0,N,0,N,0,N,0,N,1128551,N
250504,HERZING COLLEGE,1135513,R,0,R,0,R,0,R,0,R,0,R,0,R,988,R,1136501,R
140340,Herzing University-Atlanta,2733977,R,0,R,0,R,0,R,0,R,0,R,0,R,2076,R,2736053,R
101365,Herzing University-Birmingham,3373651,R,0,R,0,R,0,R,0,R,0,R,0,R,13928,R,3387579,R
240392,Herzing University-Madison,4074747,R,0,R,0,R,0,R,0,R,0,R,0,R,11814,R,4086561,R
174154,Herzing University-Minneapolis,1648240,R,0,R,0,R,0,R,0,R,1280,R,0,R,2828,R,1652348,R
433536,Herzing University-New Orleans,1201587,R,0,R,0,R,0,R,0,R,0,R,0,R,0,R,1201587,R
386472,Herzing University-Orlando,854273,R,0,R,0,R,0,R,0,R,0,R,0,R,9,R,854282,R
177579,Hickey College,2296992,R,0,R,0,R,0,R,0,R,0,R,450142,R,16029,R,2763163,R
242112,Huertas College,5549622,R,0,R,0,R,0,R,13346,R,0,R,0,R,0,R,5562968,R
237437,Huntington Junior College,871142,R,1064240,R,0,R,21828,R,5822,R,0,R,2834,R,0,R,1965866,R
205559,Hussian College-Daymar College Columbus,333566,R,200777,R,144426,R,0,R,407,R,68354,R,0,R,7606,R,755136,R
220002,Hussian College-Daymar College Nashville,1390076,R,1367068,R,302708,A,0,R,0,R,9541,R,185530,R,0,R,3254923,R
212993,Hussian College-Philadelphia,1348323,N,27029,N,198769,N,0,N,19103,N,36439,N,0,N,1431,N,1631094,N
127839,IBMC College,2312995,P,0,P,0,P,0,P,24267,P,0,P,0,P,11216,P,2348478,P
372329,IBMC College,2330933,P,0,P,0,P,0,P,16817,P,0,P,0,P,57896,P,2405646,P
243841,ICPR Junior College,1140088,R,0,R,3861869,R,0,R,0,R,0,R,10760,R,48529,R,5061246,R
242130,ICPR Junior College-Arecibo,1140088,R,0,R,3861869,R,0,R,0,R,0,R,10760,R,48529,R,5061246,R
242149,ICPR Junior College-Mayaguez,1140088,R,0,R,3861869,R,0,R,0,R,0,R,10760,R,48529,R,5061246,R
151227,INDIANA BUSINESS COLLEGE,463651,R,164698,R,0,R,0,R,0,R,66576,R,0,R,16830,R,711755,R
128179,Intellitec College-Colorado Springs,1649988,P,0,P,0,P,0,P,9228,P,0,P,0,P,21829,P,1681045,P
128188,Intellitec College-Grand Junction,1600898,P,0,P,0,P,0,P,10401,P,1301,P,24765,P,4539,P,1641904,P
138655,Interactive College of Technology-Chamblee,3402823,R,0,R,0,R,0,R,17126,R,0,R,0,R,14000,R,3433949,R
191870,Interboro Institute,6142574,R,0,R,0,R,0,R,12206,R,0,R,68184,R,0,R,6222964,R
116226,Interior Designers Institute,1162201,R,655656,R,0,R,0,R,5411,R,0,R,98017,R,0,R,1921285,R
215868,International Academy of Design and Technology,9210397,R,0,R,0,R,0,R,0,R,0,R,0,R,95186,R,9305583,R
367389,International Academy of Design and Technology,2818548,R,0,R,0,R,0,R,0,R,15819,R,36720,R,1402,R,2872489,R
225751,International Business College-El Paso,3601192,R,0,R,0,R,0,R,0,R,0,R,7507,R,81764,R,3690463,R
151458,International Business College-Fort Wayne,5489444,R,0,R,0,R,0,R,0,R,0,R,939107,R,28489,R,6457040,R
151467,International Business College-Indianapolis,2118579,R,0,R,0,R,0,R,0,R,0,R,463257,R,23781,R,2605617,R
203289,International College of Broadcasting,921006,R,0,R,0,R,0,R,0,R,0,R,0,R,0,R,921006,R
241429,INTERNATIONAL COLLEGE OF BUSINESS AND TECHNOLOGY,1233302,N,0,N,0,N,0,N,0,N,0,N,0,N,0,N,1233302,N
382708,International Junior College,1363862,R,0,R,0,R,0,R,0,R,0,R,0,R,409373,R,1773235,R
246600,International Junior College Ponce College of Tech,1248422,L,0,L,0,L,0,L,5973,L,0,L,0,L,0,L,1254395,L
191959,Island Drafting and Technical Institute,2090723,R,0,R,0,R,0,R,19971,R,0,R,0,R,96474,R,2207168,R
159197,ITI Technical College,2753112,R,0,R,0,R,0,R,1704,R,161711,R,0,R,6470,R,2922997,R
151485,ITT Educational Services Inc-System Office,9414309,R,0,R,0,R,0,R,0,R,0,R,0,R,269681,R,9683990,R
413875,ITT TECHNICAL INSTITUTE,4142459,R,0,R,0,R,0,R,0,R,0,R,0,R,218433,R,4360892,R
414832,ITT TECHNICAL INSTITUTE,2272046,R,0,R,0,R,0,R,0,R,0,R,0,R,51001,R,2323047,R
369084,ITT Technical Institute-Albuquerque,3671289,R,0,R,0,R,0,R,0,R,0,R,0,R,148507,R,3819796,R
225849,ITT Technical Institute-Arlington,4171622,R,0,R,0,R,0,R,0,R,0,R,0,R,153993,R,4325615,R
260974,ITT Technical Institute-Arlington Heights,4276711,R,0,R,0,R,0,R,0,R,0,R,0,R,158800,R,4435511,R
434548,ITT Technical Institute-Arnold,2017586,R,0,R,0,R,0,R,0,R,0,R,0,R,92470,R,2110056,R
366678,ITT Technical Institute-Austin,5911256,R,0,R,0,R,0,R,0,R,0,R,0,R,276720,R,6187976,R
414568,ITT Technical Institute-Bessemer,3123956,R,0,R,0,R,0,R,0,R,0,R,0,R,114126,R,3238082,R
142337,ITT Technical Institute-Boise,4485039,R,0,R,0,R,0,R,0,R,0,R,0,R,159637,R,4644676,R
413884,ITT Technical Institute-Cordova,2455748,R,0,R,0,R,0,R,0,R,0,R,0,R,91246,R,2546994,R
203313,ITT Technical Institute-Dayton,4174020,R,0,R,0,R,0,R,0,R,0,R,0,R,142464,R,4316484,R
176637,ITT Technical Institute-Earth City,4906350,R,0,R,0,R,0,R,0,R,0,R,0,R,194425,R,5100775,R
414531,ITT Technical Institute-Everett,2412935,R,0,R,0,R,0,R,0,R,0,R,0,R,86199,R,2499134,R
409069,ITT Technical Institute-Fort Lauderdale,5936659,R,0,R,0,R,0,R,0,R,0,R,0,R,268286,R,6204945,R
151500,ITT Technical Institute-Fort Wayne,6335301,R,0,R,0,R,0,R,0,R,0,R,0,R,211904,R,6547205,R
420404,ITT Technical Institute-Getzville,4041640,R,0,R,0,R,0,R,0,R,0,R,0,R,181938,R,4223578,R
238892,ITT Technical Institute-Greenfield,4668582,R,0,R,0,R,0,R,0,R,0,R,0,R,151746,R,4820328,R
413866,ITT Technical Institute-Greenville,2766945,R,0,R,0,R,0,R,0,R,0,R,0,R,117172,R,2884117,R
430351,ITT Technical Institute-Harrisburg,3118275,R,0,R,0,R,0,R,0,R,0,R,0,R,132088,R,3250363,R
429599,ITT Technical Institute-Henderson,3119256,R,0,R,0,R,0,R,0,R,0,R,0,R,93914,R,3213170,R
430263,ITT Technical Institute-Hialeah,2413395,R,0,R,0,R,0,R,0,R,0,R,0,R,86888,R,2500283,R
366696,ITT Technical Institute-Houston North,4956718,R,0,R,0,R,0,R,0,R,0,R,0,R,214720,R,5171438,R
225858,ITT Technical Institute-Houston West,6111859,R,0,R,0,R,0,R,0,R,0,R,0,R,226457,R,6338316,R
151519,ITT Technical Institute-Indianapolis,7040343,N,0,N,0,N,0,N,68574,N,0,N,689786,N,0,N,7798703,N
407063,ITT Technical Institute-Jacksonville,4330066,R,0,R,0,R,0,R,0,R,0,R,0,R,181457,R,4511523,R
366650,ITT Technical Institute-Knoxville,4866962,R,0,R,0,R,0,R,0,R,0,R,0,R,195900,R,5062862,R
372578,ITT Technical Institute-Lake Mary,3766683,R,0,R,0,R,0,R,0,R,0,R,0,R,123543,R,3890226,R
413839,ITT Technical Institute-Little Rock,2045015,R,0,R,0,R,0,R,0,R,0,R,0,R,85606,R,2130621,R
413857,ITT Technical Institute-Louisville,3479510,R,0,R,0,R,0,R,0,R,0,R,0,R,183959,R,3663469,R
230384,ITT Technical Institute-Murray,6192116,R,0,R,0,R,0,R,0,R,0,R,0,R,141900,R,6334016,R
151494,ITT Technical Institute-Nashville,5543347,R,0,R,0,R,0,R,0,R,0,R,0,R,156832,R,5700179,R
116466,ITT Technical Institute-National City,8880962,R,0,R,0,R,0,R,0,R,0,R,0,R,365907,R,9246869,R
251251,ITT Technical Institute-Newburgh,3192950,R,0,R,0,R,0,R,0,R,0,R,0,R,125140,R,3318090,R
368601,ITT Technical Institute-Norfolk,4395767,R,0,R,0,R,0,R,0,R,0,R,0,R,172784,R,4568551,R
366580,ITT Technical Institute-Norwood,2799207,R,0,R,0,R,0,R,0,R,0,R,0,R,90711,R,2889918,R
430379,ITT Technical Institute-Norwood,4264823,R,0,R,0,R,0,R,0,R,0,R,0,R,171767,R,4436590,R
407319,ITT Technical Institute-Omaha,2462387,R,0,R,0,R,0,R,0,R,0,R,0,R,37826,R,2500213,R
116484,ITT Technical Institute-Orange,7726595,R,0,R,0,R,0,R,0,R,0,R,0,R,292713,R,8019308,R
414586,ITT Technical Institute-Orland Park,3104604,R,0,R,0,R,0,R,0,R,0,R,0,R,150996,R,3255600,R
413848,ITT Technical Institute-Oxnard,5885902,R,0,R,0,R,0,R,0,R,0,R,0,R,249450,R,6135352,R
414841,ITT Technical Institute-Pittsburgh,4208438,R,0,R,0,R,0,R,0,R,0,R,0,R,178020,R,4386458,R
208965,ITT Technical Institute-Portland,6024182,R,0,R,0,R,0,R,0,R,0,R,0,R,261694,R,6285876,R
108250,ITT Technical Institute-Rancho Cordova,4724485,R,0,R,0,R,0,R,0,R,0,R,0,R,169940,R,4894425,R
434052,ITT Technical Institute-Richardson,3690085,R,0,R,0,R,0,R,0,R,0,R,0,R,170185,R,3860270,R
377069,ITT Technical Institute-San Antonio,6958550,R,0,R,0,R,0,R,0,R,0,R,0,R,291826,R,7250376,R
381909,ITT Technical Institute-San Bernardino,6747171,R,0,R,0,R,0,R,0,R,0,R,0,R,259272,R,7006443,R
116475,ITT Technical Institute-San Dimas,8295881,R,0,R,0,R,0,R,0,R,0,R,0,R,369813,R,8665694,R
235510,ITT Technical Institute-Seattle,6390643,R,0,R,0,R,0,R,0,R,0,R,0,R,144273,R,6534916,R
235529,ITT Technical Institute-Spokane Valley,3598311,R,0,R,0,R,0,R,0,R,0,R,0,R,114333,R,3712644,R
430388,ITT Technical Institute-Strongsville,3547311,R,0,R,0,R,0,R,0,R,0,R,0,R,153978,R,3701289,R
244011,ITT Technical Institute-Sylmar,5839034,R,0,R,0,R,0,R,0,R,0,R,0,R,203388,R,6042422,R
134909,ITT Technical Institute-Tampa,7356495,R,0,R,0,R,0,R,0,R,0,R,0,R,262149,R,7618644,R
430360,ITT Technical Institute-Tarentum,4051239,R,0,R,0,R,0,R,0,R,0,R,0,R,180176,R,4231415,R
105172,ITT Technical Institute-Tempe,4224388,R,0,R,0,R,0,R,0,R,0,R,0,R,147473,R,4371861,R
378406,ITT Technical Institute-Torrance,6979182,R,0,R,0,R,0,R,0,R,0,R,0,R,297193,R,7276375,R
261472,ITT Technical Institute-Troy,5701138,R,0,R,0,R,0,R,0,R,0,R,0,R,235243,R,5936381,R
105163,ITT Technical Institute-Tucson,2038629,R,0,R,0,R,0,R,0,R,0,R,0,R,75672,R,2114301,R
427663,ITT Technical Institute-Webster,3857285,R,0,R,0,R,0,R,0,R,0,R,0,R,173755,R,4031040,R
244154,ITT Technical Institute-Westminster,3040575,R,0,R,0,R,0,R,0,R,0,R,0,R,103746,R,3144321,R
170417,ITT Technical Institute-Wyoming,4203790,R,0,R,0,R,0,R,0,R,0,R,0,R,200603,R,4404393,R
206631,ITT Technical Institute-Youngstown,4308750,R,0,R,0,R,0,R,0,R,0,R,0,R,219734,R,4528484,R
192004,Jamestown Business College,551025,R,601948,R,647970,R,0,R,13604,R,0,R,133406,R,0,R,1947953,R
419341,Jna Institute of Culinary Arts,853425,R,0,R,0,R,0,R,376,R,48633,R,30109,R,22595,R,955138,R
202189,Kaplan College-Columbus,860205,R,408989,R,145513,R,0,R,0,R,13860,R,170506,R,38252,R,1637325,R
381796,Kaplan College-Denver,2720748,P,0,P,0,P,0,P,5631,P,0,P,0,P,14695,P,2741074,P
152220,Kaplan College-Indianapolis,1684624,R,631967,R,60081,R,0,R,70495,R,0,R,0,R,0,R,2447167,R
152424,Kaplan College-Merrillville,947708,R,0,R,0,R,0,R,0,R,43473,R,0,R,11147,R,1002328,R
424424,Kaplan College-Panorama City,4587938,N,1100026,N,120878,N,0,N,0,N,0,N,0,N,0,N,5808842,N
105118,Kaplan College-Phoenix,1864207,R,1617822,R,115345,R,25336,R,0,R,0,R,0,R,42598,R,3665308,R
192147,Katharine Gibbs School,5683771,R,3436677,R,5180937,R,44042,R,0,R,0,R,0,R,1198974,R,15544401,R
225991,KD Conservatory College of Film and Dramatic Arts,1475098,R,211395,R,0,R,0,R,0,R,0,R,0,R,0,R,1686493,R
135081,Keiser University-Ft Lauderdale,25652123,R,0,R,0,R,0,R,203439,R,2451257,R,1871057,R,227737,R,30405613,R
433572,KENTUCKY COLLEGE OF BUSINESS,3119256,L,0,L,0,L,0,L,0,L,0,L,0,L,93914,L,3213170,L
433590,KENTUCKY COLLEGE OF BUSINESS,3119256,L,0,L,0,L,0,L,0,L,0,L,0,L,93914,L,3213170,L
433615,KENTUCKY COLLEGE OF BUSINESS,3119256,L,0,L,0,L,0,L,0,L,0,L,0,L,93914,L,3213170,L
134422,Key College,1025587,R,0,R,0,R,0,R,0,R,0,R,0,R,7954,R,1033541,R
210483,Keystone Technical Institute,6235748,N,0,N,0,N,0,N,0,N,0,N,0,N,231047,N,6466795,N
116040,LA College International,781552,R,1087937,R,507156,R,0,R,14610,R,0,R,0,R,16038,R,2407293,R
173850,LAKELAND MEDICAL AND DENTAL ACADEMY INC,1991000,R,0,R,0,R,0,R,0,R,0,R,33000,R,7000,R,2031000,R
104984,Lamson College,1257771,R,0,R,0,R,0,R,0,R,155469,R,0,R,239200,A,1652440,R
213473,Lansdale School of Business,1208117,N,0,N,105985,N,0,N,0,N,0,N,0,N,3407720,N,4721822,N
182148,Las Vegas College,1971768,R,467361,R,0,R,500,R,0,R,0,R,0,R,0,R,2439629,R
250027,Laurel Business Institute,1598614,A,0,R,0,R,0,R,0,R,0,R,0,R,8173,R,1606787,T
215992,Laurel Technical Institute,1449255,R,0,R,0,R,0,R,0,R,0,R,0,R,0,R,1449255,R
144467,Le Cordon Bleu College of Culinary Arts-Chicago,4140950,R,451254,R,101681,R,17600,R,4052,R,114581,R,504472,R,0,R,5334590,R
111009,Le Cordon Bleu College of Culinary Arts-San Francisco,14490000,R,0,R,0,R,0,R,0,R,0,R,3210000,R,274000,R,17974000,R
262332,Le Cordon Bleu College of Culinary Arts-Scottsdale,2136806,R,0,R,0,R,0,R,0,R,9464,R,0,R,180071,R,2326341,R
367413,Le Cordon Bleu Institute of Culinary Arts-Pittsburgh,19304572,R,0,R,0,R,0,R,321696,R,0,R,0,R,1613388,R,21239656,R
214227,Lehigh Valley College,10869958,R,0,R,0,R,0,R,0,R,0,R,1198805,R,0,R,12068763,R
192271,LIM College,2801912,R,222291,R,0,R,0,R,0,R,0,R,0,R,0,R,3024203,R
128683,Lincoln College of New England-Southington,3418901,R,349934,R,561662,R,0,R,21562,R,0,R,239397,R,11092,R,4602548,R
205726,Lincoln College of Technology-Dayton,3402823,N,0,N,0,N,0,N,17126,N,0,N,0,N,14000,N,3433949,N
126951,Lincoln College of Technology-Denver,3005342,R,0,R,0,R,0,R,0,R,158929,R,-21168,R,0,R,3143103,R
245032,Lincoln College of Technology-Florence,748839,N,0,N,0,N,0,N,0,N,0,N,0,N,0,N,748839,N
205692,Lincoln College of Technology-Franklin LCT,452684,N,0,N,0,N,0,N,1942,N,34540,N,5987,N,0,N,495153,N
151661,Lincoln College of Technology-Indianapolis,454006,N,0,N,0,N,0,N,0,N,0,N,0,N,0,N,454006,N
221148,Lincoln College of Technology-Nashville,14163016,R,0,R,0,R,0,R,182997,R,0,R,698786,R,0,R,15044799,R
205708,Lincoln College of Technology-Tri-County,28628197,N,0,N,0,N,0,N,0,N,0,N,3701210,N,0,N,32329407,N
205717,Lincoln College of Technology-Vine Street,28628197,N,0,N,0,N,0,N,0,N,0,N,3701210,N,0,N,32329407,N
136066,Lincoln College of Technology-West Palm Beach,12390380,R,0,R,0,R,0,R,93449,R,432194,R,1105767,R,0,R,14021790,R
213570,Lincoln Technical Institute-Allentown,5231527,R,557395,R,562895,R,0,R,0,R,0,R,0,R,0,R,6351817,A
213589,Lincoln Technical Institute-Philadelphia,4587938,R,1100026,R,120878,R,0,R,0,R,0,R,0,R,0,R,5808842,R
192509,Long Island Business Institute,1291756,R,0,R,0,R,0,R,10816,R,0,R,0,R,0,R,1302572,R
105880,Long Technical College-East Valley,525497,R,0,R,0,R,0,R,0,R,0,R,0,R,9318,R,534815,R
148399,Madison Media Institute-Rockford Career College,1761105,R,0,R,0,R,0,R,16837,R,0,R,0,R,65890,R,1843832,R
372161,Maric College-Anaheim,1681716,R,749032,R,63857,R,0,R,0,R,0,R,0,R,0,R,2494605,R
118569,MASTERS INSTITUTE,14923189,P,0,P,0,P,0,P,53238,P,0,P,0,P,0,P,14976427,P
213871,McCann School of Business & Technology,1570606,R,384556,R,392200,R,0,R,24262,R,0,R,270962,R,47011,R,2689597,R
182944,McIntosh College,3280613,R,309840,R,10241,R,0,R,78899,R,0,R,225302,R,510594,R,4415489,R
367194,McNally Smith College of Music,2191160,R,191353,R,288798,R,0,R,-188,R,52795,R,0,R,8994,R,2732912,R
415011,Medvance Institute-Baton Rouge,292326,R,68393,R,38745,R,0,R,0,R,0,R,0,R,1481,R,400945,R
178110,Metro Business College-Cape Girardeau,1939724,R,0,R,0,R,0,R,0,R,0,R,0,R,0,R,1939724,R
224776,Miami International University of Art & Design-Art Institute Dallas,13892575,R,1002833,R,0,R,0,R,0,R,0,R,1111810,R,0,R,16007218,R
204060,Miami-Jacobs Career College-Dayton,3291254,R,0,R,0,R,0,R,0,R,0,R,0,R,0,R,3291254,R
161396,MID-STATE COLLEGE,870944,R,0,R,0,R,0,R,0,R,20339,R,0,R,26820,R,918103,R
161402,MID-STATE COLLEGE,608666,R,0,R,0,R,0,R,0,R,16846,R,0,R,2390,R,627902,R
147165,Midstate College,5576789,N,0,N,0,N,0,N,13163,N,0,N,1341477,N,41604,N,6973033,N
383020,Midwest College of Oriental Medicine-Racine,1248422,R,0,R,0,R,0,R,5973,R,0,R,0,R,0,R,1254395,R
193201,Mildred Elley School-Albany Campus,2152805,R,1555126,R,0,R,0,R,0,R,0,R,0,R,162657,R,3870588,A
103963,Miller-Motte College-Arizona Automotive Institute,5366049,R,0,R,0,R,0,R,0,R,0,R,0,R,0,R,5366049,R
213534,Miller-Motte College-Berks Technical Institute,5950898,R,0,R,0,R,0,R,0,R,0,R,0,R,34721,R,5985619,R
198978,Miller-Motte College-Wilmington,972625,R,609688,R,0,R,0,R,37651,R,0,R,154816,R,4058,R,1778838,R
382771,Miller-Motte Technical College-Clarksville,1016294,R,497809,R,57976,R,0,R,0,R,0,R,188915,R,73,R,1761067,R
174118,Minneapolis Business College,3162430,R,0,R,0,R,0,R,0,R,0,R,724776,R,4596,R,3891802,R
174279,Minnesota School of Business-Richfield,2637097,R,0,R,164009,R,0,R,0,R,0,R,0,R,6615812,R,9416918,R
178305,Missouri College,3547376,R,44299,R,0,R,0,R,0,R,0,R,0,R,0,R,3591675,R
178350,Missouri Tech,1671177,R,0,R,0,R,0,R,796,R,21321,R,0,R,19888,R,1713182,R
193308,Monroe College,22750776,R,0,R,0,R,0,R,134212,R,0,R,0,R,201460,R,23086448,R
193317,Monroe College-New Rochelle,2893098,N,0,N,0,N,0,N,1451,N,0,N,54578,N,20420,N,2969547,N
119128,MONTESSORI WESTERN TEACHER TRAINING PROGRAM,46858,R,0,R,0,R,0,R,121,R,0,R,0,R,0,R,46979,R
182430,Morrison University,824758,R,0,R,0,R,0,R,0,R,91160,R,0,R,29744,R,945662,R
182865,Mount Washington College,14011402,R,9826655,R,39170,R,0,R,0,R,14833,R,2650612,R,529747,R,27072419,R
237598,Mountain State College,996154,P,0,P,0,P,0,P,0,P,0,P,0,P,0,P,996154,P
398130,Mt Sierra College,5150002,R,230612,R,0,R,0,R,0,R,0,R,0,R,255616,R,5636230,R
118198,MTI College,8493770,N,1652493,N,0,N,0,N,0,N,0,N,0,N,44322,N,10190585,N
262448,MTI COLLEGE,3402823,N,0,N,0,N,0,N,17126,N,0,N,0,N,14000,N,3433949,N
226790,MTI College of Business and Technology,2040233,R,5458576,R,0,R,0,R,0,R,0,R,0,R,196787,R,7695596,R
119270,Musicians Institute,6453824,R,0,R,0,R,0,R,28289,R,0,R,52037,R,152275,R,6686425,R
248882,National American University-Albuquerque,2766209,R,0,R,0,R,0,R,564,R,0,R,90644,R,7259,R,2864676,R
127680,National American University-Colorado Springs,2129394,R,0,R,0,R,0,R,7675,R,0,R,50326,R,665,R,2188060,R
127699,National American University-Denver,2462711,R,0,R,0,R,0,R,5108,R,0,R,38546,R,70,R,2506435,R
247700,National American University-Independence,1654120,R,0,R,0,R,0,R,1242,R,0,R,59278,R,454,R,1715094,R
219204,National American University-Rapid City,5025859,R,0,R,0,R,0,R,97555,R,0,R,916290,R,135451,R,6175155,R
174385,National American University-Roseville,2893098,R,0,R,0,R,0,R,1451,R,0,R,54578,R,20420,R,2969547,R
219213,National American University-Sioux Falls,1920801,R,0,R,0,R,0,R,5009,R,0,R,41847,R,14087,R,1981744,R
378956,National Aviation Academy of Tampa Bay,1856434,R,0,R,0,R,0,R,0,R,0,R,0,R,16418,R,1872852,R
388043,National College-Nashville,967935,N,343452,N,0,N,0,N,0,N,111619,N,0,N,41379,N,1464385,N
122010,NATIONAL INSTITUTE OF TECHNOLOGY-LONG BEACH,8559797,P,4393376,P,755138,P,0,P,0,P,0,P,0,P,0,P,13708311,P
112516,National Polytechnic College of Science,1037045,R,2857702,R,24441,R,0,R,0,R,0,R,131564,R,0,R,4050752,R
214290,New Castle School of Trades,1148639,R,796388,R,489567,R,0,R,0,R,145398,R,132526,R,8000,R,2720518,R
230977,New England Culinary Institute,13964171,R,0,R,0,R,0,R,0,R,0,R,11320851,R,0,R,25285022,R
195845,New York Career Institute,2886000,R,0,R,0,R,0,R,0,R,0,R,0,R,0,R,2886000,R
214315,Newport Business Institute-Lower Burrell,486686,R,344156,R,248712,R,33544,R,6186,R,0,R,0,R,0,R,1119284,R
216986,Newport Business Institute-Williamsport,523230,R,412172,R,206779,R,21930,R,2278,R,0,R,0,R,0,R,1166389,R
119775,Newschool of Architecture and Design,1536509,R,9346,R,0,R,0,R,0,R,0,R,0,R,0,R,1545855,R
418889,North Central Institute,843118,R,143305,R,6689,R,0,R,0,R,50004,R,0,R,0,R,1043116,R
377546,Northwest College of Art & Design,848400,R,0,R,0,R,0,R,8634,R,0,R,0,R,34211,R,891245,R
174482,Northwest Technical Institute,1348323,R,27029,R,198769,R,0,R,19103,R,36439,R,0,R,1431,R,1631094,R
260992,Northwestern College,22908795,N,3187772,N,0,N,0,N,235087,N,0,N,0,N,221057,N,26552711,N
147749,Northwestern College-Chicago Campus,8892422,R,0,R,0,R,0,R,0,R,0,R,0,R,0,R,8892422,R
368452,Nossi College of Art,748839,R,0,R,0,R,0,R,0,R,0,R,0,R,0,R,748839,R
242972,NUC University,1714970,R,5386366,R,460061,R,0,R,0,R,0,R,0,R,0,R,7561397,R
376039,Oakbridge Academy of Arts,365261,R,160348,R,157605,R,0,R,0,R,0,R,0,R,0,R,683214,R
203739,Ohio Business College-Sandusky,663177,R,0,R,0,R,0,R,0,R,0,R,0,R,3478,R,666655,R
203720,Ohio Business College-Sheffield,605693,R,0,R,0,R,0,R,212,R,0,R,0,R,9214,R,615119,R
204608,Ohio Technical College,2122532,P,441802,P,28609,P,0,P,40992,P,0,P,0,P,808159,P,3442094,P
194204,Olean Business Institute,291608,R,217168,R,357058,R,0,R,7519,R,0,R,90702,R,6239,R,970294,R
181507,OMAHA COLLEGE OF HEALTH CAREERS,1128551,R,0,R,0,R,0,R,0,R,0,R,0,R,0,R,1128551,R
153427,Orion Technical College,2752377,R,721640,R,0,R,0,R,23087,R,0,R,0,R,25967,R,3523071,R
214838,Pace Institute,1758864,R,0,R,0,R,0,R,8513,R,4019,R,0,R,4336,R,1775732,R
378576,Pacific College of Health and Science,2864576,N,0,N,0,N,0,N,0,N,0,N,0,N,0,N,2864576,N
115746,Pacifica Graduate Institute,5952889,R,0,R,0,R,0,R,40831,R,0,R,222502,R,1361427,R,7577649,R
130110,Paier College,1630290,R,384994,R,0,R,0,R,0,R,0,R,0,R,0,R,2015284,R
188067,PARKS COLLEGE,2565448,P,0,P,0,P,0,P,21142,P,168442,P,19588,P,0,P,2774620,P
214892,Penn Commercial Business/Technical School,2098744,R,0,R,0,R,0,R,7235,R,46946,R,0,R,0,R,2152925,R
214944,Pennco Tech-Bristol,3521937,R,0,R,0,R,0,R,0,R,11279,R,123519,R,91601,R,3748336,R
213057,Pennsylvania School of Business,51380,R,0,R,0,R,0,R,0,R,0,R,0,R,591608,R,642988,R
105543,Pima Medical Institute-Albuquerque,1645169,R,0,R,0,R,0,R,0,R,0,R,0,R,0,R,1645169,R
434140,Pima Medical Institute-Chula Vista,298525,R,0,R,0,R,0,R,0,R,0,R,0,R,0,R,298525,R
404912,Pima Medical Institute-Denver,1898279,R,0,R,0,R,0,R,0,R,0,R,0,R,0,R,1898279,R
260691,Pima Medical Institute-Mesa,2526579,R,0,R,0,R,0,R,0,R,0,R,0,R,0,R,2526579,R
368629,Pima Medical Institute-Seattle,1631802,R,0,R,0,R,0,R,0,R,0,R,0,R,0,R,1631802,R
105534,Pima Medical Institute-Tucson,3051497,R,0,R,0,R,0,R,81196,R,0,R,0,R,88204,R,3220897,R
177302,Pinnacle Career Institute,2207641,A,0,R,0,R,0,R,0,R,0,R,184407,R,16150,R,2408198,R
210076,Pioneer Pacific College,1227877,R,296603,R,0,R,0,R,0,R,0,R,0,R,0,R,1524480,R
215354,PITTSBURGH BEAUTY ACADEMY,2056382,R,0,R,0,R,0,R,0,R,366875,R,0,R,32302,R,2455559,R
216782,Pittsburgh Career Institute,5125528,R,0,R,0,R,0,R,669969,R,0,R,0,R,156363,R,5951860,R
215415,Pittsburgh Technical College,16511838,R,0,R,0,R,0,R,0,R,0,R,3207868,R,228958,R,19948664,R
260813,Platt College-Aurora,1699482,R,120782,R,1085,R,0,R,0,R,0,R,0,R,6945,R,1828294,R
260789,Platt College-Los Angeles,3382301,R,743005,R,0,R,0,R,0,R,0,R,0,R,0,R,4125306,R
260804,Platt College-Newport Beach,2202176,R,245704,R,0,R,0,R,0,R,0,R,0,R,0,R,2447880,R
121275,Platt College-San Diego,2309510,N,0,N,0,N,0,N,0,N,0,N,0,N,0,N,2309510,N
194499,Plaza College,587000,R,2057000,R,2992000,R,0,R,50000,R,441000,R,0,R,0,R,6127000,R
126924,Prince Institute-Rocky Mountains,676193,P,0,P,0,P,0,P,1867,P,22523,P,0,P,1431,P,702014,P
101958,Prince Institute-Southeast,452684,R,0,R,0,R,0,R,1942,R,34540,R,5987,R,0,R,495153,R
215433,Prism Career Institute-Upper Darby,1811792,R,0,R,0,R,0,R,15833,R,0,R,2670,R,14819,R,1845114,R
227614,PROFESSIONAL CAREER COLLEGE,1440009,R,0,R,0,R,0,R,0,R,175093,R,0,R,0,R,1615102,R
205054,Professional Skills Institute,2066089,R,0,R,0,R,0,R,24799,R,289157,R,0,R,0,R,2380045,R
136631,PROSPECT HALL SCHOOL OF BUSINESS,28628197,N,0,N,0,N,0,N,0,N,0,N,3701210,N,0,N,32329407,N
380438,Provo College,2689362,R,0,R,0,R,0,R,6782,R,0,R,0,R,0,R,2696144,R
242741,Puerto Rico Technical Junior College Inc,602525,P,0,P,0,P,0,P,58497,P,0,P,0,P,16345,P,677367,P
153418,Purdue University Global-Cedar Rapids,2545563,R,4472721,R,1240687,R,239203,R,0,R,288,R,0,R,178400,R,8676862,R
260901,Purdue University Global-Davenport,1305078,R,2482880,R,675172,R,37365,R,0,R,0,R,123903,R,0,R,4624398,R
162681,Purdue University Global-Hagerstown,2648384,R,2473242,R,383699,R,68842,R,0,R,1292,R,65110,R,314802,R,5955371,R
160940,Purdue University Global-Lewiston,1697705,R,927441,R,0,R,38188,R,28005,R,0,R,316282,R,38680,R,3046301,R
181242,Purdue University Global-Lincoln,4441579,R,2432061,R,58086,R,80811,R,0,R,0,R,253263,R,6053,R,7271853,R
181400,Purdue University Global-Omaha,4011634,R,2482065,R,105011,R,53058,R,0,R,1620,R,0,R,5138,R,6658526,R
243382,Ramirez College of Business and Technology,1843429,R,0,R,0,R,0,R,0,R,40448,R,0,R,32060,R,1915937,R
174622,Rasmussen College-Eagan,1835935,R,0,R,0,R,0,R,0,R,0,R,39644,R,59661,R,1935240,R
174464,Rasmussen College-Eden Prairie,1598960,R,0,R,0,R,0,R,0,R,0,R,0,R,786198,R,2385158,R
174631,Rasmussen College-Mankato,1931600,R,0,R,0,R,0,R,8351,R,0,R,0,R,0,R,1939951,R
175014,Rasmussen University-Minnesota,2309510,R,0,R,0,R,0,R,0,R,0,R,0,R,0,R,2309510,R
200013,Rasmussen University-North Dakota,677790,R,0,R,0,R,0,R,0,R,0,R,0,R,0,R,677790,R
105659,Refrigeration School Inc,1747692,R,186627,R,2362,R,0,R,0,R,0,R,0,R,26938,R,1963619,R
375416,Remington College-Cleveland Campus,2916488,R,0,R,0,R,0,R,0,R,0,R,0,R,25695,R,2942183,R
377111,Remington College-Fort Worth Campus,5268252,R,0,R,0,R,0,R,0,R,0,R,0,R,0,R,5268252,R
380094,Remington College-Houston Campus,2567208,R,0,R,0,R,0,R,0,R,0,R,0,R,0,R,2567208,R
412599,Remington College-Memphis Campus,5055188,R,0,R,0,R,0,R,0,R,2567,R,0,R,0,R,5057755,R
366535,Remington College-Mobile Campus,5921803,R,0,R,0,R,0,R,0,R,0,R,0,R,0,R,5921803,R
160250,Remington College-New Orleans Campus,3899028,R,0,R,0,R,0,R,0,R,179,R,0,R,0,R,3899207,R
135939,Remington College-Tampa Campus,12780140,R,0,R,0,R,0,R,0,R,37690,R,0,R,0,R,12817830,R
127945,Rocky Mountain College of Art and Design,3965560,R,0,R,0,R,0,R,83253,R,11580,R,151003,R,28849,R,4240245,R
421513,Ross College-Hopkinsville,803252,R,442733,R,14665,R,0,R,0,R,89331,R,0,R,0,R,1349981,R
122694,San Joaquin Valley College-Bakersfield,5530030,N,0,N,0,N,0,N,0,N,893736,N,0,N,3635,N,6427401,N
262457,San Joaquin Valley College-Fresno,9130997,N,0,N,0,N,0,N,0,N,0,N,0,N,94365,N,9225362,N
422020,San Joaquin Valley College-Fresno Aviation,566115,N,0,N,0,N,0,N,0,N,0,N,0,N,0,N,566115,N
122685,San Joaquin Valley College-Visalia,15196533,P,5130360,P,263641,P,0,P,372302,P,22549,P,0,P,0,P,20985385,P
166276,Sanford-Brown College-Boston,4411479,R,0,R,0,R,0,R,0,R,0,R,42392,R,471914,R,4925785,R
146010,Sanford-Brown College-Chicago,10845248,R,0,R,0,R,0,R,0,R,0,R,0,R,475203,R,11320451,R
129613,Sanford-Brown College-Farmington,3476000,R,0,R,0,R,0,R,0,R,0,R,0,R,495000,R,3971000,R
179201,Sanford-Brown College-Fenton,14019458,R,2719440,R,0,R,435290,R,114033,R,0,R,1659650,R,16567,R,18964438,R
174394,Sanford-Brown College-Mendota Heights,15749637,R,0,R,0,R,0,R,0,R,0,R,0,R,1388695,R,17138332,R
134680,Sanford-Brown College-Tampa,6238828,R,766279,R,86768,R,0,R,0,R,480880,R,0,R,5543,R,7578298,R
376136,Sanford-Brown Institute-Wilkins Township,1140995,N,1313415,N,508148,N,8777,N,30167,N,24940,N,369923,N,248476,N,3644841,N
428107,Santa Barbara College of Oriental Medicine,493458,R,0,R,0,R,5100,R,0,R,86198,R,13083,R,0,R,597839,R
215831,SAWYER SCHOOL,1128551,N,0,N,0,N,0,N,0,N,0,N,0,N,0,N,1128551,N
192156,SBI Campus-An Affiliate of Sanford-Brown,9666104,R,0,R,0,R,0,R,0,R,0,R,0,R,627763,R,10293867,R
404338,Schiller International University,3183131,R,0,R,0,R,0,R,0,R,0,R,632606,R,0,R,3815737,R
123110,SCHOOL OF COMMUNICATIONS ELECTRONICS,465384,P,31533,P,0,P,0,P,0,P,0,P,0,P,0,P,496917,P
197151,School of Visual Arts,30340048,R,17240355,R,122000,R,0,R,536248,R,0,R,4904794,R,616287,R,53759732,R
215895,Schuylkill Institute of Business Technology,1002149,R,0,R,0,R,0,R,0,R,0,R,0,R,10455,R,1012604,R
219134,SI TANKA UNIVERSITY-HURON CAMPUS,3493241,R,677965,R,43765,R,0,R,0,R,0,R,884772,R,0,R,5099743,R
195492,Simmons Institute of Funeral Service Inc,606901,R,0,R,0,R,0,R,1050,R,0,R,23309,R,26100,R,657360,R
248943,Skyline College-Richmond,6682839,R,996851,R,51892,R,0,R,67320,R,0,R,0,R,245098,R,8044000,R
261931,Skyline College-Roanoke,2591681,R,287493,R,13052,R,0,R,0,R,0,R,55321,R,68385,R,3015932,R
421920,Sonoma College,507357,R,93979,R,50466,R,0,R,-171,R,253304,R,4806,R,12215,R,921956,R
123642,South Coast College,1381353,R,423448,R,10694,R,0,R,31000,R,48773,R,0,R,2820,R,1898088,R
220552,South College,3996918,R,0,R,0,R,0,R,41910,R,0,R,371891,R,14267,R,4424986,R
198242,South College-Asheville,782396,R,0,R,0,R,0,R,33679,R,0,R,105981,R,3884,R,925940,R
216083,South Hills School of Business & Technology,1140995,R,1313415,R,508148,R,8777,R,30167,R,24940,R,369923,R,248476,R,3644841,R
251312,South University-Columbia,1453647,R,0,R,0,R,0,R,114,R,0,R,148975,R,1358,R,1604094,R
101116,South University-Montgomery,1550342,R,0,R,0,R,0,R,33787,R,0,R,150053,R,3629,R,1737811,R
139579,South University-Savannah,3328927,R,0,R,0,R,0,R,37951,R,0,R,304705,R,3181,R,3674764,R
133465,South University-West Palm Beach,2856044,R,0,R,0,R,0,R,20507,R,0,R,234888,R,1382,R,3112821,R
399869,Southern California Institute of Technology,2799375,R,0,R,736924,R,0,R,22216,R,0,R,0,R,0,R,3558515,R
367787,SOUTHERN CALIFORNIA INTERNATIONAL COLLEGE-BREA,3831709,P,66095,P,12255,P,0,P,11019,P,0,P,0,P,0,P,3921078,P
137403,SOUTHERN COLLEGE,1931083,R,0,R,0,R,0,R,0,R,0,R,188012,R,172198,R,2291293,R
366605,Southwest Acupuncture College-Santa Fe,1939437,R,0,R,0,R,0,R,16921,R,601114,R,0,R,0,R,2557472,R
228291,Southwest Institute of Technology,818401,R,183386,R,0,R,0,R,1820,R,0,R,56109,R,38453,R,1098169,R
402776,Southwest University of Visual Arts-Albuquerque,4395767,L,0,L,0,L,0,L,0,L,0,L,0,L,172784,L,4568551,L
104188,Southwest University of Visual Arts-Tucson,2124947,N,0,N,0,N,0,N,10992,N,0,N,0,N,0,N,2135939,N
413680,Spartan College of Aeronautics & Technology,1199650,R,0,R,0,R,0,R,0,R,0,R,0,R,0,R,1199650,R
126605,Spartan College of Aeronautics and Technology,7410132,R,0,R,0,R,0,R,0,R,0,R,0,R,0,R,7410132,R
207254,Spartan College of Aeronautics and Technology,18086309,R,1379827,R,0,R,0,R,40476,R,180099,R,1424272,R,0,R,21110983,R
433563,Spencerian College-Lexington,1480948,R,0,R,0,R,0,R,0,R,0,R,12107,R,0,R,1493055,R
157766,Spencerian College-Louisville,2900776,R,0,R,0,R,0,R,35175,R,0,R,197730,R,0,R,3133681,R
205887,Stautzenberger College-Maumee,1921982,R,0,R,167555,R,0,R,5218,R,4418,R,0,A,64640,R,2163813,R
230621,Stevens-Henager College,2309510,N,0,N,0,N,0,N,0,N,0,N,0,N,0,N,2309510,N
230630,Stevens-Henager College,1857781,P,1851431,P,0,P,0,P,0,P,0,P,0,P,5885,P,3715097,P
178767,Stevens-The Institute of Business & Arts,860608,R,172134,R,0,R,0,R,0,R,0,R,0,R,353,R,1033095,R
131803,Strayer University-District of Columbia,61247637,R,0,R,0,R,0,R,2032885,R,832483,R,193488,R,0,R,64306493,R
157270,Sullivan College of Technology and Design,4991720,R,0,R,0,R,0,R,9577,R,0,R,388739,R,0,R,5390036,R
157793,Sullivan University,20449384,R,0,R,0,R,0,R,0,R,0,R,1954310,R,488830,R,22892524,R
133261,SUMMIT INSTITUTE,1265543,R,0,R,0,R,0,R,7813,R,0,R,0,R,3994,R,1277350,R
149310,Taylor Business Institute,2147139,N,0,N,0,N,0,N,0,N,0,N,0,N,362799,N,2509938,N
196477,Technical Career Institutes,29419000,R,0,R,0,R,0,R,0,R,1261000,R,419000,R,0,R,31099000,R
430704,Texas Health and Science University,388403,R,7238,R,0,R,0,R,0,R,101484,R,0,R,1281,R,498406,R
406307,THE ACADEMY,1098051,N,0,N,0,N,0,N,13235,N,0,N,0,N,132722,N,1244008,N
138813,The Art Institute of Atlanta,16404776,R,0,R,0,R,0,R,0,R,0,R,2444380,R,2045810,A,20894966,A
200624,The Art Institute of Cincinnati-AIC College of Design,492382,R,0,R,0,R,0,R,0,R,0,R,4392,R,0,R,496774,R
126702,The Art Institute of Colorado,19650985,R,1260972,R,0,R,0,R,0,R,0,R,2239193,R,0,R,23151150,R
132338,The Art Institute of Fort Lauderdale,10845248,N,0,N,0,N,0,N,0,N,0,N,0,N,475203,N,11320451,N
222938,The Art Institute of Houston,18759932,R,1443668,R,0,R,0,R,0,R,0,R,2001269,R,0,R,22204869,R
182111,The Art Institute of Las Vegas,28628197,N,0,N,0,N,0,N,0,N,0,N,3701210,N,0,N,32329407,N
365055,The Art Institute of New York City,11089795,R,1161616,R,0,R,0,R,0,R,0,R,837778,R,0,R,13089189,R
210942,The Art Institute of Philadelphia,23176615,R,2144214,R,1543683,R,0,R,0,R,0,R,3653984,R,0,R,30518496,R
428444,The Art Institute of Phoenix,9049213,R,785515,A,0,R,0,R,0,R,0,R,573178,R,370697,R,10778603,R
210960,The Art Institute of Pittsburgh,20323053,R,3610784,R,2070887,R,1127603,R,0,R,0,R,4144632,R,402432,R,31679391,R
208239,The Art Institute of Portland,2020659,R,0,R,0,R,0,R,0,R,0,R,83840,R,0,R,2104499,R
234492,The Art Institute of Seattle,26957984,R,1616897,R,0,R,0,R,0,R,0,R,4129762,R,0,R,32704643,R
173887,The Art Institutes International-Minnesota,5812746,R,344977,R,0,R,0,R,0,R,0,R,538367,R,0,R,6696090,R
210906,The Art Institutes of York-PA,3691187,R,0,R,0,R,0,R,35644,R,0,R,357012,R,33958,R,4117801,R
384209,The Bryman School of Arizona,11984553,R,0,R,0,R,0,R,34527,R,0,R,0,R,14043,R,12033123,R
143075,The College of Office Technology,2461651,R,0,R,0,R,0,R,17362,R,0,R,0,R,193381,R,2672394,R
197285,The College of Westchester,8190592,R,1064971,R,0,R,0,R,0,R,0,R,0,R,15611,R,9271174,R
148177,The Illinois Institute of Art-Chicago,13509768,R,0,R,0,R,0,R,0,R,1460555,R,0,R,126929,R,15097252,R
167321,The New England Institute of Art,4050278,R,278194,R,92550,R,0,R,37037,R,0,R,0,R,0,R,4458059,R
206394,The North Coast College,1157562,R,0,R,0,R,0,R,3826,R,69108,R,0,R,109098,R,1339594,R
126049,Thomas Jefferson School of Law,9686801,P,0,P,0,P,0,P,208497,P,0,P,38549,P,105489,P,10039336,P
156019,TOPEKA TECHNICAL COLLEGE,2231430,R,0,R,0,R,0,R,0,R,0,R,0,R,0,R,2231430,R
130581,Tri-State College of Acupuncture,0,R,0,R,0,R,0,R,0,R,0,R,0,R,1243503,R,1243503,R
211325,Triangle Tech Carpentry Inc,613467,R,0,R,0,R,0,R,2593,R,61647,R,0,R,7,R,677714,R
216436,Triangle Tech Inc-Pittsburgh,8808318,R,0,R,0,R,0,R,155155,R,740740,R,0,R,31768,R,9735981,R
206224,Trumbull Business College,1096114,R,0,R,0,R,0,R,231373,R,0,R,0,R,1144995,R,2472482,R
207962,Tulsa Welding School-Tulsa,4166103,R,0,R,0,R,0,R,15223,R,0,R,0,R,22661,R,4203987,R
363934,University of Advancing Technology,9655258,R,0,R,0,R,0,R,33423,R,0,R,0,R,65693,R,9754374,R
406006,University of Phoenix-Bay Area Campus,40620458,P,535904,P,0,P,0,P,0,P,2128004,P,0,P,487601,P,43771967,P
432232,University of Phoenix-Central Florida Campus,16458096,R,336746,R,0,R,0,R,0,R,8081,R,0,R,586541,R,17389464,R
405988,University of Phoenix-Colorado Campus,24364214,R,534946,R,0,R,0,R,0,R,4497,R,0,R,1568521,R,26472178,R
421018,University of Phoenix-Detroit Campus,16242422,R,204389,R,0,R,0,R,0,R,165,R,0,R,505361,R,16952337,R
420042,University of Phoenix-Hawaii,6910553,R,205729,R,0,R,0,R,0,R,18968,R,0,R,119433,R,7254683,R
416962,University of Phoenix-Las Vegas Campus,10236074,R,272694,R,0,R,0,R,0,R,18993,R,0,R,206810,R,10734571,R
421009,University of Phoenix-Louisiana Campus,5876104,R,104361,R,0,R,0,R,0,R,175,R,0,R,147253,R,6127893,R
434973,University of Phoenix-Maryland,143115,R,0,R,0,R,0,R,0,R,1346,R,0,R,26554,R,171015,R
405997,University of Phoenix-New Mexico,16833621,R,942640,R,0,R,0,R,0,R,18727,R,0,R,442746,R,18237734,R
434955,University of Phoenix-North Florida Campus,4395767,L,0,L,0,L,0,L,0,L,0,L,0,L,172784,L,4568551,L
434982,University of Phoenix-Oklahoma City Campus,2016042,R,62143,R,0,R,0,R,0,R,390,R,0,R,136283,R,2214858,R
372213,University of Phoenix-Online Campus,68137515,R,752691,R,0,R,0,R,0,R,215448,R,0,R,1476770,R,70582424,R
432241,University of Phoenix-Oregon,5254395,R,130107,R,0,R,0,R,0,R,6884,R,0,R,137398,R,5528784,R
105516,University of Phoenix-Phoenix Campus,61573125,R,1680803,R,0,R,0,R,0,R,4280403,R,0,R,1978992,R,69513323,R
382063,University of Phoenix-Puerto Rico,5175696,R,75072,R,0,R,0,R,0,R,195613,R,0,R,811664,R,6258045,R
419509,University of Phoenix-Sacramento Valley Campus,18027237,P,422087,P,0,P,0,P,0,P,871361,P,0,P,142831,P,19463516,P
372222,University of Phoenix-San Diego Campus,29380395,P,739134,P,0,P,0,P,0,P,206323,P,0,P,162363,P,30488215,P
434946,University of Phoenix-South Florida Campus,4395767,L,0,L,0,L,0,L,0,L,0,L,0,L,172784,L,4568551,L
406015,University of Phoenix-Southern California Campus,138497267,R,3987105,R,0,R,0,R,0,R,3016695,R,0,R,2889524,R,148390591,R
434991,University of Phoenix-Tulsa Campus,4395767,L,0,L,0,L,0,L,0,L,0,L,0,L,172784,L,4568551,L
380465,University of Phoenix-Utah,13006158,R,527325,R,0,R,0,R,0,R,69319,R,0,R,309921,R,13912723,R
432223,University of Phoenix-Washington,5183554,R,82049,R,0,R,0,R,0,R,3459,R,0,R,127908,R,5396970,R
434964,University of Phoenix-West Florida Campus,4395767,L,0,L,0,L,0,L,0,L,0,L,0,L,172784,L,4568551,L
384412,University of the Potomac-Washington DC Campus,1429567,R,0,R,0,R,0,R,0,R,0,R,99017,R,0,R,1528584,R
197081,Utica School of Commerce,2981489,R,0,R,0,R,0,R,0,R,0,R,55906,R,0,R,3037395,R
245342,Vatterott College-Berkeley,21937027,R,0,R,0,R,0,R,-855974,R,79247,R,22851,R,0,R,21183151,R
213914,Vet Tech Institute,1324353,R,600845,R,155985,R,0,R,0,R,0,R,0,R,0,R,2081183,R
420307,Virginia College-Birmingham,1606785,R,0,R,0,R,0,R,17605,R,21,R,0,R,3938785,A,5563196,R
420316,Virginia College-Huntsville,511719,R,0,R,0,R,0,R,3740,R,0,R,0,R,1841966,A,2357425,R
230074,Vista College,1511679,R,329686,R,0,R,0,R,0,R,0,R,0,R,70496,R,1911861,R
403399,Volunteer Beauty Academy-System Office,364891,R,347799,R,0,R,0,R,0,R,233236,R,0,R,25337,R,971263,R
226879,Wade College,1525515,R,0,R,0,R,0,R,9992,R,0,R,0,R,0,R,1535507,R
125231,Walden University,15593636,R,0,R,0,R,0,R,132425,R,0,R,0,R,897505,R,16623566,R
215637,Walnut Hill College,5216618,P,540809,P,200175,P,0,P,50226,P,0,P,386200,P,28008,P,6422036,P
237914,WEBSTER COLLEGE,3888378,R,0,R,0,R,0,R,0,R,0,R,0,R,39748,R,3928126,R
206473,WEST SIDE INSTITUTE OF TECHNOLOGY,2309510,N,0,N,0,N,0,N,0,N,0,N,0,N,0,N,2309510,N
405526,WEST VIRGINIA BUSINESS COLLEGE-NUTTER FORT,82108,R,448581,R,0,R,0,R,-999,R,0,R,0,R,0,R,529690,R
237978,West Virginia Business College-Wheeling,54720,R,415379,R,0,R,0,R,0,R,0,R,0,R,0,R,470099,R
237996,West Virginia Junior College-Morgantown,2050523,R,0,R,0,R,0,R,6521,R,0,R,0,R,0,R,2057044,R
417114,Western Career College-Fremont,8625456,R,1678113,R,0,R,0,R,0,R,0,R,0,R,45009,R,10348578,R
126030,Western State College of Law at Argosy University,9861232,R,113325,R,9411,R,0,R,102041,R,0,R,63266,R,163712,R,10312987,R
224660,Western Technical College,1174472,R,1271315,R,143096,R,0,R,32921,R,0,R,0,R,510940,R,3132744,R
224679,Western Technical College,925307,R,378343,R,96971,R,0,R,28614,R,0,R,0,R,1344640,R,2773875,R
381787,Westwood College-Aurora Campus,4129402,R,0,R,0,R,0,R,0,R,0,R,0,R,0,R,4129402,R
127024,Westwood College-Denver North,11674256,R,0,R,0,R,0,R,0,R,1748097,R,0,R,819870,R,14242223,R
197522,Wood Tobe-Coburn School,4474812,R,0,R,0,R,0,R,0,R,0,R,352543,R,11310,R,4838665,R
369455,Worsham College of Mortuary Science,778305,R,39812,R,0,R,0,R,0,R,0,R,0,R,4239,R,822356,R
240718,WyoTech,16838211,R,0,R,0,R,0,R,165444,R,0,R,2574196,R,120778,R,19698629,R
123208,Wyotech-Fremont,7530093,R,1672692,R,0,R,0,R,0,R,0,R,-33410,R,117400,R,9286775,R
217086,Yorktowne Business Institute,931132,R,321898,R,278041,R,0,R,18213,R,0,R,149925,R,11590,R,1710799,R
217077,YTI Career Institute-York,9553039,R,0,R,0,R,0,R,154497,R,0,R,0,R,319312,R,10026848,R